,Size,EntryBar,ExitBar,EntryPrice,ExitPrice,PnL,ReturnPct,EntryTime,ExitTime,Duration
0,200,76,77,16942.58921,16938.0,-917.841999999655,-0.00027086828011446684,2022-03-15 10:10:00,2022-03-15 10:15:00,0 days 00:05:00
1,-200,78,117,16944.406499999997,16899.0,9081.299999999464,0.002679733869698997,2022-03-15 10:20:00,2022-03-15 13:35:00,0 days 03:15:00
2,200,127,147,16995.6067,16871.07,-24907.340000000113,-0.007327581897973667,2022-03-16 09:25:00,2022-03-16 11:05:00,0 days 01:40:00
3,200,192,237,17350.72385,17435.0,16855.2300000003,0.004857212340452444,2022-03-17 09:50:00,2022-03-17 13:35:00,0 days 03:45:00
4,-200,251,297,17377.263609999998,17373.0,852.7219999996305,0.00024535566103423,2022-03-18 09:45:00,2022-03-18 13:35:00,0 days 03:50:00
5,-200,320,357,17555.204869999998,17492.0,12640.97399999955,0.003600349324775376,2022-03-21 10:30:00,2022-03-21 13:35:00,0 days 03:05:00
6,200,434,463,17700.83935,17631.0,-13967.869999999675,-0.003945538887679789,2022-03-23 10:00:00,2022-03-23 12:25:00,0 days 02:25:00
7,-200,464,477,17634.178799999998,17703.0,-13764.240000000427,-0.00390271646786311,2022-03-23 12:30:00,2022-03-23 13:35:00,0 days 01:05:00
8,-200,489,518,17546.20784,17674.863999999998,-25731.231999999727,-0.007332419698500514,2022-03-24 09:35:00,2022-03-24 12:00:00,0 days 02:25:00
9,-200,613,630,17313.28473,17419.0,-21143.05400000012,-0.006106020414301749,2022-03-28 09:55:00,2022-03-28 11:20:00,0 days 01:25:00
10,200,631,657,17429.74992,17481.0,10250.016000000323,0.0029403795370117614,2022-03-28 11:25:00,2022-03-28 13:35:00,0 days 02:10:00
11,-200,733,734,17713.152729999998,17711.0,430.54599999959464,0.00012153285373939227,2022-03-30 09:55:00,2022-03-30 10:00:00,0 days 00:05:00
12,200,735,777,17727.84826,17728.0,30.348000000230968,8.559414418352063e-06,2022-03-30 10:05:00,2022-03-30 13:35:00,0 days 03:30:00
13,-200,852,882,17492.22566,17528.0,-7154.867999999988,-0.002045156556709893,2022-04-01 09:50:00,2022-04-01 12:20:00,0 days 02:30:00
14,200,883,897,17524.78127,17556.0,6243.746000000101,0.0017814048300530683,2022-04-01 12:25:00,2022-04-01 13:35:00,0 days 01:10:00
15,200,907,908,17398.73969,17398.0,-147.9379999997036,-4.251399889754204e-05,2022-04-06 09:25:00,2022-04-06 09:30:00,0 days 00:05:00
16,-200,909,926,17389.25965,17433.0,-8748.070000000007,-0.002515365856878171,2022-04-06 09:35:00,2022-04-06 11:00:00,0 days 01:25:00
17,200,927,957,17448.75619,17477.0,5648.761999999988,0.0016186718235071673,2022-04-06 11:05:00,2022-04-06 13:35:00,0 days 02:30:00
18,-200,1007,1017,17212.318059999998,17137.0,15063.611999999557,0.004375823159753822,2022-04-07 12:45:00,2022-04-07 13:35:00,0 days 00:50:00
19,200,1027,1077,17180.66775,17277.0,19266.449999999895,0.0056070143140973805,2022-04-08 09:25:00,2022-04-08 13:35:00,0 days 04:10:00
20,-200,1110,1137,17017.38241,16993.0,4876.481999999669,0.001432794387089209,2022-04-11 11:20:00,2022-04-11 13:35:00,0 days 02:15:00
21,200,1147,1197,16979.60142,16996.0,3279.7160000001895,0.0009657812097216834,2022-04-12 09:25:00,2022-04-12 13:35:00,0 days 04:10:00
22,200,1223,1257,17244.688869999998,17283.0,7662.2260000003735,0.0022216190903072697,2022-04-13 10:45:00,2022-04-13 13:35:00,0 days 02:50:00
23,-200,1267,1317,17282.29496,17263.0,3858.991999999853,0.001116458204460602,2022-04-14 09:25:00,2022-04-14 13:35:00,0 days 04:10:00
24,-200,1329,1377,17075.363269999998,16969.0,21272.653999999602,0.006229048736366871,2022-04-15 09:35:00,2022-04-15 13:35:00,0 days 04:00:00
25,-200,1387,1437,16919.41475,16866.0,10682.949999999983,0.003157009316767323,2022-04-18 09:25:00,2022-04-18 13:35:00,0 days 04:10:00
26,-200,1632,1664,16895.42267,16948.0,-10515.466000000015,-0.003111927474496179,2022-04-22 09:50:00,2022-04-22 12:30:00,0 days 02:40:00
27,200,1665,1677,16973.599439999998,16988.0,2880.112000000372,0.0008484093224248035,2022-04-22 12:35:00,2022-04-22 13:35:00,0 days 01:00:00
28,-200,1687,1737,16612.516059999998,16563.0,9903.211999999621,0.0029806478333058717,2022-04-25 09:25:00,2022-04-25 13:35:00,0 days 04:10:00
29,200,1747,1797,16612.48031,16574.0,-7696.061999999802,-0.0023163494723202893,2022-04-26 09:25:00,2022-04-26 13:35:00,0 days 04:10:00
30,-200,1808,1834,16296.62034,16320.0,-4675.932000000103,-0.0014346324275968936,2022-04-27 09:30:00,2022-04-27 11:40:00,0 days 02:10:00
31,200,1835,1852,16338.389889999999,16240.0,-19677.97799999971,-0.006022006492831911,2022-04-27 11:45:00,2022-04-27 13:10:00,0 days 01:25:00
32,-200,1853,1857,16251.635189999999,16271.0,-3872.9620000001887,-0.0011915607121131266,2022-04-27 13:15:00,2022-04-27 13:35:00,0 days 00:20:00
33,200,2119,2127,16715.5143,16678.0,-7502.859999999782,-0.0022442803330315897,2022-05-05 10:25:00,2022-05-05 11:05:00,0 days 00:40:00
34,-200,2167,2196,16289.62265,16353.0,-12675.470000000132,-0.003890657958243171,2022-05-06 09:25:00,2022-05-06 11:50:00,0 days 02:25:00
35,200,2197,2217,16353.394839999999,16361.0,1521.0320000001957,0.00046505083956027704,2022-05-06 11:55:00,2022-05-06 13:35:00,0 days 01:40:00
36,-200,2227,2277,16127.676109999999,16019.0,21735.221999999703,0.006738485399803706,2022-05-09 09:25:00,2022-05-09 13:35:00,0 days 04:10:00
37,200,2287,2288,15838.22489,15820.0,-3644.977999999901,-0.0011506901894988708,2022-05-10 09:25:00,2022-05-10 09:30:00,0 days 00:05:00
38,-200,2289,2295,15824.7761,15939.802999999998,-23005.379999999786,-0.007268785306858039,2022-05-10 09:35:00,2022-05-10 10:05:00,0 days 00:30:00
39,200,2296,2337,15940.258549999999,16026.0,17148.29000000027,0.005378924672460927,2022-05-10 10:10:00,2022-05-10 13:35:00,0 days 03:25:00
40,-200,2445,2457,15732.80646,15616.0,23361.291999999958,0.007424388032546858,2022-05-12 12:35:00,2022-05-12 13:35:00,0 days 01:00:00
41,200,2469,2517,15802.21301,15827.0,4957.398000000103,0.001568577134374527,2022-05-13 09:35:00,2022-05-13 13:35:00,0 days 04:00:00
42,200,2647,2697,16201.344679999998,16209.0,1531.0640000003332,0.00047251139650472673,2022-05-18 09:25:00,2022-05-18 13:35:00,0 days 04:10:00
43,-200,2707,2734,15930.741119999999,15930.0,148.2239999997546,4.65213761504657e-05,2022-05-19 09:25:00,2022-05-19 11:40:00,0 days 02:15:00
44,200,2735,2757,15936.25723,15950.0,2748.5540000001492,0.0008623586957501317,2022-05-19 11:45:00,2022-05-19 13:35:00,0 days 01:50:00
45,-200,2903,2937,16017.712409999998,15934.0,16742.481999999654,0.005226240043349484,2022-05-24 10:45:00,2022-05-24 13:35:00,0 days 02:50:00
46,200,2948,2997,15993.276039999999,16091.0,19544.792000000234,0.00611031534474793,2022-05-25 09:30:00,2022-05-25 13:35:00,0 days 04:05:00
47,200,3067,3117,16221.351279999999,16228.0,1329.7440000002098,0.0004098746081775406,2022-05-27 09:25:00,2022-05-27 13:35:00,0 days 04:10:00
48,200,3127,3177,16464.43147,16567.0,20513.706000000093,0.006229703721436719,2022-05-30 09:25:00,2022-05-30 13:35:00,0 days 04:10:00
49,-200,3187,3204,16493.55533,16559.0,-13088.934000000154,-0.003967893440231407,2022-05-31 09:25:00,2022-05-31 10:50:00,0 days 01:25:00
50,200,3205,3237,16564.46447,16685.0,24107.106000000203,0.007276753813460379,2022-05-31 10:55:00,2022-05-31 13:35:00,0 days 02:40:00
51,-200,3247,3260,16685.49197,16748.0,-12501.606000000174,-0.0037462503420568893,2022-06-01 09:25:00,2022-06-01 10:30:00,0 days 01:05:00
52,200,3261,3267,16752.52651,16631.757,-24153.901999999653,-0.007209032615343558,2022-06-01 10:35:00,2022-06-01 11:05:00,0 days 00:30:00
53,-200,3268,3297,16642.50616,16628.0,2901.2320000001637,0.0008716331459059923,2022-06-01 11:10:00,2022-06-01 13:35:00,0 days 02:25:00
54,-200,3503,3537,16673.495929999997,16631.0,8499.185999999463,0.002548711450700347,2022-06-08 10:45:00,2022-06-08 13:35:00,0 days 02:50:00
55,-200,3667,3717,16010.71472,16046.0,-7057.056000000011,-0.002203854144994688,2022-06-13 09:25:00,2022-06-13 13:35:00,0 days 04:10:00
56,-200,3727,3750,15885.755969999998,15922.0,-7248.806000000332,-0.0022815426642865955,2022-06-14 09:25:00,2022-06-14 11:20:00,0 days 01:55:00
57,200,3753,3777,15919.25162,16048.0,25749.67600000018,0.008087589986846444,2022-06-14 11:35:00,2022-06-14 13:35:00,0 days 02:00:00
58,-200,3871,3897,15622.84276,15400.0,44568.55199999991,0.01426390596278393,2022-06-16 11:25:00,2022-06-16 13:35:00,0 days 02:10:00
59,-200,3907,3950,15218.976079999999,15238.0,-3804.7840000002907,-0.0012500131349180155,2022-06-17 09:25:00,2022-06-17 13:00:00,0 days 03:35:00
60,200,3951,3957,15233.025239999999,15214.0,-3805.047999999806,-0.0012489469229027828,2022-06-17 13:05:00,2022-06-17 13:35:00,0 days 00:30:00
61,-200,3967,4017,15170.991919999999,14980.0,38198.383999999714,0.012589283614884317,2022-06-20 09:25:00,2022-06-20 13:35:00,0 days 04:10:00
62,200,4066,4077,15342.06121,15357.0,2987.7580000000307,0.0009737146655537376,2022-06-21 12:40:00,2022-06-21 13:35:00,0 days 00:55:00
63,-200,4087,4137,15243.96783,15013.0,46193.56599999992,0.015151424653721546,2022-06-22 09:25:00,2022-06-22 13:35:00,0 days 04:10:00
64,200,4156,4158,14952.93284,14923.0,-5986.567999999897,-0.0020018039484486216,2022-06-23 10:10:00,2022-06-23 10:20:00,0 days 00:10:00
65,-200,4159,4187,14878.088609999999,14985.166999999998,-21415.677999999753,-0.007197052847771612,2022-06-23 10:25:00,2022-06-23 12:45:00,0 days 02:20:00
66,200,4277,4308,15353.06484,15335.0,-3612.967999999819,-0.0011766276107252338,2022-06-27 10:15:00,2022-06-27 12:50:00,0 days 02:35:00
67,-200,4310,4317,15333.938129999999,15285.0,9787.625999999727,0.003191491291089421,2022-06-27 13:00:00,2022-06-27 13:35:00,0 days 00:35:00
68,-200,4343,4377,15111.011719999999,15175.0,-12797.65600000028,-0.0042345463815178785,2022-06-28 10:45:00,2022-06-28 13:35:00,0 days 02:50:00
69,-200,4451,4497,14727.138439999999,14628.0,19827.68799999976,0.006731683850457415,2022-06-30 09:45:00,2022-06-30 13:35:00,0 days 03:50:00
70,-200,4508,4557,14590.183649999999,14185.0,81036.7299999998,0.027770976686780746,2022-07-01 09:30:00,2022-07-01 13:35:00,0 days 04:05:00
71,200,4567,4584,14173.67577,14067.831,-21168.95399999994,-0.007467700808002853,2022-07-04 09:25:00,2022-07-04 10:50:00,0 days 01:25:00
72,-200,4940,4977,13945.396499999999,13907.0,7679.299999999785,0.0027533458801259902,2022-07-12 10:30:00,2022-07-12 13:35:00,0 days 03:05:00
73,-200,4987,4988,14235.300799999999,14254.0,-3739.8400000001857,-0.0013135795486669544,2022-07-13 09:25:00,2022-07-13 09:30:00,0 days 00:05:00
74,200,4989,5037,14254.7025,14278.0,4659.500000000116,0.0016343729376324667,2022-07-13 09:35:00,2022-07-13 13:35:00,0 days 04:00:00
75,-200,5047,5055,14199.31268,14300.407,-20218.86400000003,-0.007119662921599934,2022-07-14 09:25:00,2022-07-14 10:05:00,0 days 00:40:00
76,-200,5309,5337,14872.09059,14601.0,54218.11799999996,0.01822814273215101,2022-07-20 11:15:00,2022-07-20 13:35:00,0 days 02:20:00
77,-200,5347,5368,14630.17045,14659.0,-5765.910000000076,-0.001970554621938847,2022-07-21 09:25:00,2022-07-21 11:10:00,0 days 01:45:00
78,200,5369,5397,14663.837469999999,14768.0,20832.506000000285,0.007103360918525148,2022-07-21 11:15:00,2022-07-21 13:35:00,0 days 02:20:00
79,200,5647,5697,14879.908749999999,14811.0,-13781.749999999738,-0.004630992780785603,2022-07-28 09:25:00,2022-07-28 13:35:00,0 days 04:10:00
80,-200,5833,5877,14598.181009999998,14651.0,-10563.798000000315,-0.0036181898254186162,2022-08-02 09:55:00,2022-08-02 13:35:00,0 days 03:40:00
81,200,6012,6057,14957.93449,15007.0,9813.102000000072,0.003280232978209785,2022-08-05 09:50:00,2022-08-05 13:35:00,0 days 03:45:00
82,-200,6067,6085,14908.07871,14938.0,-5984.258000000045,-0.00200705205426166,2022-08-08 09:25:00,2022-08-08 10:55:00,0 days 01:30:00
83,200,6251,6297,15124.989599999999,15166.0,8202.080000000205,0.002711433269349195,2022-08-11 09:45:00,2022-08-11 13:35:00,0 days 03:50:00
84,200,6307,6357,15221.021279999999,15284.0,12595.744000000195,0.0041376146082099385,2022-08-12 09:25:00,2022-08-12 13:35:00,0 days 04:10:00
85,200,6367,6417,15330.05725,15397.0,13388.550000000032,0.0043667645142029254,2022-08-15 09:25:00,2022-08-15 13:35:00,0 days 04:10:00
86,-200,6428,6477,15400.916019999999,15405.0,-816.7960000002495,-0.00026517773323986304,2022-08-16 09:30:00,2022-08-16 13:35:00,0 days 04:05:00
87,-200,6555,6566,15235.970469999998,15306.0,-14005.906000000323,-0.004596328808715633,2022-08-18 10:05:00,2022-08-18 11:00:00,0 days 00:55:00
88,200,6567,6597,15312.051309999999,15317.0,989.7380000002158,0.0003231892252586466,2022-08-18 11:05:00,2022-08-18 13:35:00,0 days 02:30:00
89,-200,6672,6690,15221.97509,15234.0,-2404.982000000018,-0.0007899704163818466,2022-08-22 09:50:00,2022-08-22 11:20:00,0 days 01:30:00
90,-200,6705,6717,15185.98697,15188.0,-402.6060000000143,-0.00013255839109937995,2022-08-22 12:35:00,2022-08-22 13:35:00,0 days 01:00:00
91,200,6727,6728,15098.98102,15099.0,3.7960000001476146,1.2570384699817083e-06,2022-08-23 09:25:00,2022-08-23 09:30:00,0 days 00:05:00
92,-200,6729,6777,15094.017329999999,15037.0,11403.465999999753,0.0037774787688016342,2022-08-23 09:35:00,2022-08-23 13:35:00,0 days 04:00:00
93,200,6787,6820,15112.985639999999,15002.244,-22148.327999999674,-0.007327581897973556,2022-08-24 09:25:00,2022-08-24 12:10:00,0 days 02:45:00
94,-200,6824,6837,14993.050659999999,15024.0,-6189.868000000206,-0.0020642456763366734,2022-08-24 12:30:00,2022-08-24 13:35:00,0 days 01:05:00
95,200,6851,6876,15214.01897,15172.0,-8403.793999999834,-0.0027618586569961856,2022-08-25 09:45:00,2022-08-25 11:50:00,0 days 02:05:00
96,-200,6877,6897,15144.000829999999,15174.0,-5999.834000000192,-0.001980927651600073,2022-08-25 11:55:00,2022-08-25 13:35:00,0 days 01:40:00
97,200,6914,6953,15284.04207,15245.0,-7808.413999999902,-0.0025544335602577517,2022-08-26 10:00:00,2022-08-26 13:15:00,0 days 03:15:00
98,-200,6967,6999,14784.11963,14891.515999999998,-21479.273999999714,-0.007264306072176874,2022-08-29 09:25:00,2022-08-29 12:05:00,0 days 02:40:00
99,200,7000,7017,14899.91535,14844.0,-11183.069999999861,-0.0037527293737276146,2022-08-29 12:10:00,2022-08-29 13:35:00,0 days 01:25:00
100,200,7027,7066,14875.90743,14976.0,20018.51400000014,0.006728501805419063,2022-08-30 09:25:00,2022-08-30 12:40:00,0 days 03:15:00
101,-200,7066,7077,14971.05792,14938.0,6611.583999999857,0.0022081218426012184,2022-08-30 12:40:00,2022-08-30 13:35:00,0 days 00:55:00
102,-200,7147,7197,14755.1292,14731.0,4825.83999999988,0.0016353092997654084,2022-09-01 09:25:00,2022-09-01 13:35:00,0 days 04:10:00
103,-200,7396,7437,14360.259549999999,14342.0,3651.9099999997707,0.0012715334243383891,2022-09-07 10:10:00,2022-09-07 13:35:00,0 days 03:25:00
104,200,7447,7497,14404.751999999999,14516.0,22249.600000000282,0.0077230069632576726,2022-09-08 09:25:00,2022-09-08 13:35:00,0 days 04:10:00
105,200,7507,7557,14756.86816,14791.0,6826.368000000002,0.0023129460553505954,2022-09-12 09:25:00,2022-09-12 13:35:00,0 days 04:10:00
106,200,7567,7617,14905.917329999998,14871.0,-6983.46599999968,-0.002342514668971285,2022-09-13 09:25:00,2022-09-13 13:35:00,0 days 04:10:00
107,-200,7631,7677,14582.18629,14586.0,-762.7420000000711,-0.0002615321135086557,2022-09-14 09:45:00,2022-09-14 13:35:00,0 days 03:50:00
108,-200,7987,8006,14123.337759999999,14227.902999999998,-20913.04799999998,-0.007403720124583346,2022-09-22 09:25:00,2022-09-22 11:00:00,0 days 01:35:00
109,200,8007,8037,14235.69623,14222.0,-2739.245999999912,-0.0009621046823924395,2022-09-22 11:05:00,2022-09-22 13:35:00,0 days 02:30:00
110,-200,8084,8097,14069.35558,14116.0,-9328.884000000107,-0.003315320288464818,2022-09-23 12:30:00,2022-09-23 13:35:00,0 days 01:05:00
111,-200,8107,8157,13866.422569999999,13758.0,21684.513999999763,0.007819072976657404,2022-09-26 09:25:00,2022-09-26 13:35:00,0 days 04:10:00
112,200,8167,8179,13796.55136,13756.0,-8110.271999999895,-0.002939238867878946,2022-09-27 09:25:00,2022-09-27 10:25:00,0 days 01:00:00
113,-200,8244,8277,13521.536419999999,13499.0,4507.283999999709,0.0016667055651060636,2022-09-28 10:50:00,2022-09-28 13:35:00,0 days 02:45:00
114,200,8287,8300,13618.492619999999,13517.709,-20156.723999999667,-0.007400497456817479,2022-09-29 09:25:00,2022-09-29 10:30:00,0 days 01:05:00
115,200,8498,8517,13613.490969999999,13586.0,-5498.193999999785,-0.0020193916505751863,2022-10-04 12:00:00,2022-10-04 13:35:00,0 days 01:35:00
116,200,8527,8559,13811.55631,13802.0,-1911.261999999988,-0.0006919068195870848,2022-10-05 09:25:00,2022-10-05 12:05:00,0 days 02:40:00
117,-200,8560,8577,13793.44666,13790.0,689.3319999999221,0.00024987663235720436,2022-10-05 12:10:00,2022-10-05 13:35:00,0 days 01:25:00
118,-200,8707,8757,13240.629149999999,13094.0,29325.82999999977,0.01107418298170515,2022-10-11 09:25:00,2022-10-11 13:35:00,0 days 04:10:00
119,200,8767,8768,13037.300889999999,13025.0,-2460.1779999997234,-0.0009435150805972015,2022-10-12 09:25:00,2022-10-12 09:30:00,0 days 00:05:00
120,-200,8769,8786,13011.70472,13108.118999999999,-19282.85599999981,-0.007409811556190915,2022-10-12 09:35:00,2022-10-12 11:00:00,0 days 01:25:00
121,200,8790,8817,13118.32762,13078.0,-8065.524000000005,-0.0030741433792610406,2022-10-12 11:20:00,2022-10-12 13:35:00,0 days 02:15:00
122,200,8850,8851,12897.25469,12884.0,-2650.937999999951,-0.0010277140615263525,2022-10-13 11:20:00,2022-10-13 11:25:00,0 days 00:05:00
123,-200,8852,8877,12871.750919999999,12813.0,11750.183999999717,0.004564330087269752,2022-10-13 11:30:00,2022-10-13 13:35:00,0 days 02:05:00
124,200,8887,8928,13121.328609999999,13175.0,10734.278000000268,0.004090392946877186,2022-10-14 09:25:00,2022-10-14 12:50:00,0 days 03:25:00
125,-200,8930,8937,13174.65093,13152.0,4530.185999999958,0.0017192812257682544,2022-10-14 13:00:00,2022-10-14 13:35:00,0 days 00:35:00
126,-200,8947,8976,12913.73706,12950.0,-7252.588000000105,-0.0028080903174283467,2022-10-17 09:25:00,2022-10-17 11:50:00,0 days 02:25:00
127,200,8977,8997,12957.27449,12968.0,2145.1020000000426,0.0008277597274239934,2022-10-17 11:55:00,2022-10-17 13:35:00,0 days 01:40:00
128,-200,9127,9144,12691.810319999999,12786.885999999999,-19015.135999999984,-0.007491104704754115,2022-10-20 09:25:00,2022-10-20 10:50:00,0 days 01:25:00
129,200,9164,9177,12794.2207,12905.0,22155.86000000003,0.008658542211953613,2022-10-20 12:30:00,2022-10-20 13:35:00,0 days 01:05:00
130,-200,9527,9537,12767.78524,12772.0,-842.9520000001503,-0.0003301089359488696,2022-10-28 12:45:00,2022-10-28 13:35:00,0 days 00:50:00
131,200,9547,9597,12853.24017,12939.0,17151.966000000175,0.006672234305569624,2022-10-31 09:25:00,2022-10-31 13:35:00,0 days 04:10:00
132,200,9622,9638,13084.3164,13036.0,-9663.27999999994,-0.003692695783480082,2022-11-01 10:40:00,2022-11-01 12:00:00,0 days 01:20:00
133,-200,9639,9657,13027.699439999999,13036.0,-1660.1120000002993,-0.0006371470295449821,2022-11-01 12:05:00,2022-11-01 13:35:00,0 days 01:30:00
134,200,9849,9897,13124.3296,13227.0,20534.080000000176,0.007822906245817052,2022-11-07 09:35:00,2022-11-07 13:35:00,0 days 04:00:00
135,200,9907,9953,13345.40253,13334.0,-2280.5059999998775,-0.0008544163410857397,2022-11-08 09:25:00,2022-11-08 13:15:00,0 days 03:50:00
136,200,9967,10017,13487.44939,13607.0,23910.122000000047,0.00886384123069539,2022-11-09 09:25:00,2022-11-09 13:35:00,0 days 04:10:00
137,-200,10027,10077,13555.5252,13492.0,12705.040000000008,0.00468629574013113,2022-11-10 09:25:00,2022-11-10 13:35:00,0 days 04:10:00
138,200,10087,10090,14007.62099,13904.979,-20528.398000000016,-0.007327581897973667,2022-11-11 09:25:00,2022-11-11 09:40:00,0 days 00:15:00
139,200,10091,10137,13902.58634,14035.0,26482.732000000033,0.009524390409216599,2022-11-11 09:45:00,2022-11-11 13:35:00,0 days 03:50:00
140,200,10147,10188,14128.660919999998,14155.0,5267.816000000312,0.0018642304567388912,2022-11-14 09:25:00,2022-11-14 12:50:00,0 days 03:25:00
141,-200,10189,10197,14147.329839999999,14145.0,465.96799999970244,0.0001646840800595406,2022-11-14 12:55:00,2022-11-14 13:35:00,0 days 00:40:00
142,200,10207,10257,14333.72857,14551.0,43454.28600000014,0.015158053882416977,2022-11-15 09:25:00,2022-11-15 13:35:00,0 days 04:10:00
143,-200,10267,10278,14515.2084,14619.625999999998,-20883.51999999977,-0.007193668676503284,2022-11-16 09:25:00,2022-11-16 10:20:00,0 days 00:55:00
144,-200,10281,10285,14632.16979,14585.0,9433.957999999984,0.0032237043908714957,2022-11-16 10:35:00,2022-11-16 10:55:00,0 days 00:20:00
145,200,10286,10317,14575.80843,14501.0,-14961.685999999827,-0.0051323691827637186,2022-11-16 11:00:00,2022-11-16 13:35:00,0 days 02:35:00
146,200,10627,10677,14678.842419999999,14767.0,17631.516000000192,0.006005758320553056,2022-11-24 09:25:00,2022-11-24 13:35:00,0 days 04:10:00
147,-200,10687,10737,14764.12623,14720.0,8825.24599999997,0.002988746459667735,2022-11-25 09:25:00,2022-11-25 13:35:00,0 days 04:10:00
148,-200,10756,10766,14466.224569999998,14573.303999999998,-21415.885999999955,-0.007402030120703396,2022-11-28 10:10:00,2022-11-28 11:00:00,0 days 00:50:00
149,200,10903,10917,14807.884989999999,14821.0,2623.0020000002696,0.0008856774623018371,2022-11-30 12:25:00,2022-11-30 13:35:00,0 days 01:10:00
150,200,10927,10949,15064.969799999999,14971.0,-18793.959999999788,-0.00623763613518824,2022-12-01 09:25:00,2022-12-01 11:15:00,0 days 01:50:00
151,-200,10950,10977,14935.0698,14976.0,-8186.040000000139,-0.002740542933384882,2022-12-01 11:20:00,2022-12-01 13:35:00,0 days 02:15:00
152,-200,11114,11157,14814.10973,14686.0,25621.946000000025,0.008647818352564673,2022-12-06 10:00:00,2022-12-06 13:35:00,0 days 03:35:00
153,-200,11167,11177,14682.153289999998,14758.0,-15169.342000000324,-0.0051659118728626385,2022-12-07 09:25:00,2022-12-07 10:15:00,0 days 00:50:00
154,200,11178,11187,14738.862219999999,14629.869,-21798.643999999695,-0.007394954805405529,2022-12-07 10:20:00,2022-12-07 11:05:00,0 days 00:45:00
155,-200,11189,11208,14616.17507,14664.0,-9564.986000000135,-0.00327205508766526,2022-12-07 11:15:00,2022-12-07 12:50:00,0 days 01:35:00
156,-200,11227,11251,14507.21104,14513.0,-1157.7919999999722,-0.00039904017278291626,2022-12-08 09:25:00,2022-12-08 11:25:00,0 days 02:00:00
157,200,11252,11277,14512.787639999999,14500.0,-2557.527999999729,-0.0008811291336444649,2022-12-08 11:30:00,2022-12-08 13:35:00,0 days 02:05:00
158,200,11307,11327,14696.84836,14680.0,-3369.6719999999914,-0.0011463927222556958,2022-12-09 11:05:00,2022-12-09 12:45:00,0 days 01:40:00
159,-200,11328,11337,14669.15758,14680.0,-2168.4840000001714,-0.0007391303788830683,2022-12-09 12:50:00,2022-12-09 13:35:00,0 days 00:45:00
160,-200,11348,11397,14527.20444,14576.0,-9759.112000000096,-0.003358909155683376,2022-12-12 09:30:00,2022-12-12 13:35:00,0 days 04:05:00
161,-200,11599,11637,14475.221599999999,14476.0,-155.6800000002113,-5.377465171241269e-05,2022-12-16 10:25:00,2022-12-16 13:35:00,0 days 03:10:00
162,-200,11742,11757,14146.33017,14137.0,1866.0339999998541,0.0006595470265344794,2022-12-20 12:20:00,2022-12-20 13:35:00,0 days 01:15:00
163,200,11767,11817,14231.694909999998,14163.0,-13738.981999999669,-0.004826895913271012,2022-12-21 09:25:00,2022-12-21 13:35:00,0 days 04:10:00
164,-200,11889,11937,14183.317959999998,14203.0,-3936.4080000003014,-0.0013876894007107676,2022-12-23 09:35:00,2022-12-23 13:35:00,0 days 04:00:00
165,200,12012,12038,14368.740119999999,14338.0,-6148.023999999714,-0.0021393747637770133,2022-12-27 09:50:00,2022-12-27 12:00:00,0 days 02:10:00
166,-200,12039,12057,14307.277039999999,14305.0,455.40799999980663,0.00015915257624721235,2022-12-27 12:05:00,2022-12-27 13:35:00,0 days 01:30:00
167,-200,12067,12117,14158.32621,14115.0,8665.241999999853,0.0030601223165347413,2022-12-28 09:25:00,2022-12-28 13:35:00,0 days 04:10:00
168,-200,12127,12177,13974.386929999999,14049.0,-14922.614000000249,-0.0053392732270654,2022-12-29 09:25:00,2022-12-29 13:35:00,0 days 04:10:00
169,200,12192,12237,14171.675109999998,14144.0,-5535.0219999996625,-0.0019528467725363763,2022-12-30 09:50:00,2022-12-30 13:35:00,0 days 03:45:00
170,-200,12250,12259,13966.38957,14068.796999999999,-20481.48599999986,-0.007332419698500514,2023-01-03 09:40:00,2023-01-03 10:25:00,0 days 00:45:00
171,200,12260,12297,14078.644419999999,14224.0,29071.116000000256,0.010324543731888625,2023-01-03 10:30:00,2023-01-03 13:35:00,0 days 03:05:00
172,200,12487,12537,14589.813049999999,14743.0,30637.390000000232,0.010499582789376571,2023-01-09 09:25:00,2023-01-09 13:35:00,0 days 04:10:00
173,-200,12547,12584,14764.12623,14792.0,-5574.75400000003,-0.0018879390196056,2023-01-10 09:25:00,2023-01-10 12:30:00,0 days 03:05:00
174,200,12585,12597,14789.87905,14819.0,5824.19000000009,0.001968978238534147,2023-01-10 12:35:00,2023-01-10 13:35:00,0 days 01:00:00
175,200,12607,12657,14797.881689999998,14786.0,-2376.3379999996687,-0.000802931814762875,2023-01-11 09:25:00,2023-01-11 13:35:00,0 days 04:10:00
176,200,12910,12957,15414.08497,15436.0,4383.006000000023,0.001421753548306759,2023-01-30 09:40:00,2023-01-30 13:35:00,0 days 03:55:00
177,-200,12967,13017,15422.908759999998,15291.0,26381.751999999688,0.008552780934690474,2023-01-31 09:25:00,2023-01-31 13:35:00,0 days 04:10:00
178,-200,13110,13112,15555.86487,15549.0,1372.9739999998856,0.00044130429631328294,2023-02-02 11:20:00,2023-02-02 11:30:00,0 days 00:10:00
179,200,13113,13137,15565.1348,15590.0,4973.040000000037,0.0015974933927331847,2023-02-02 11:35:00,2023-02-02 13:35:00,0 days 02:00:00
180,-200,13147,13197,15516.87774,15584.0,-13424.45200000002,-0.004325758127678547,2023-02-03 09:25:00,2023-02-03 13:35:00,0 days 04:10:00
181,-200,13213,13257,15445.90117,15396.0,9980.233999999837,0.0032307062858152324,2023-02-06 09:55:00,2023-02-06 13:35:00,0 days 03:40:00
182,200,13341,13377,15589.14272,15597.0,1571.4560000000347,0.0005040225842514179,2023-02-08 10:35:00,2023-02-08 13:35:00,0 days 03:00:00
183,-200,13387,13437,15560.86322,15593.0,-6427.356000000145,-0.002065231185805594,2023-02-09 09:25:00,2023-02-09 13:35:00,0 days 04:10:00
184,-200,13521,13557,15458.896879999998,15529.0,-14020.624000000316,-0.004534807402117869,2023-02-13 10:35:00,2023-02-13 13:35:00,0 days 03:00:00
185,-200,13581,13585,15659.830549999999,15637.0,4566.109999999753,0.0014579053028130895,2023-02-14 10:35:00,2023-02-14 10:55:00,0 days 00:20:00
186,200,13586,13617,15641.15988,15647.0,1168.0240000001504,0.00037338151676769016,2023-02-14 11:00:00,2023-02-14 13:35:00,0 days 02:35:00
187,-200,13627,13677,15542.869159999998,15375.0,33573.831999999675,0.01080039716425163,2023-02-15 09:25:00,2023-02-15 13:35:00,0 days 04:10:00
188,200,13687,13737,15502.11401,15556.0,10777.198000000135,0.0034760413944343593,2023-02-16 09:25:00,2023-02-16 13:35:00,0 days 04:10:00
189,-200,13749,13797,15449.89985,15443.0,1379.9699999999575,0.0004465951279288838,2023-02-17 09:35:00,2023-02-17 13:35:00,0 days 04:00:00
190,-200,13937,13949,15340.935819999999,15378.0,-7412.836000000243,-0.0024160312274874585,2023-02-22 10:15:00,2023-02-22 11:15:00,0 days 01:00:00
191,200,13950,13977,15394.07837,15381.0,-2615.6739999998535,-0.0008495714836352919,2023-02-22 11:20:00,2023-02-22 13:35:00,0 days 02:15:00
192,200,13994,14037,15575.138099999998,15601.0,5172.380000000339,0.0016604603974588183,2023-02-23 10:00:00,2023-02-23 13:35:00,0 days 03:35:00
193,-200,14047,14097,15625.841769999999,15531.0,18968.353999999817,0.006069546293632988,2023-02-24 09:25:00,2023-02-24 13:35:00,0 days 04:10:00
194,200,14307,14331,15821.21928,15787.0,-6843.855999999869,-0.002162872493857493,2023-03-06 11:05:00,2023-03-06 13:05:00,0 days 02:00:00
195,-200,14332,14337,15781.790289999999,15767.0,2958.057999999801,0.0009371744097608214,2023-03-06 13:10:00,2023-03-06 13:35:00,0 days 00:25:00
196,200,14361,14397,15846.227529999998,15875.0,5754.494000000341,0.001815729955002121,2023-03-07 10:35:00,2023-03-07 13:35:00,0 days 03:00:00
197,-200,14407,14445,15784.789299999999,15776.0,1757.8599999997095,0.0005568208629809224,2023-03-08 09:25:00,2023-03-08 12:35:00,0 days 03:10:00
198,200,14446,14457,15775.204099999999,15791.0,3159.1800000001967,0.0010013119259737469,2023-03-08 12:40:00,2023-03-08 13:35:00,0 days 00:55:00
199,200,14530,14531,15601.14668,15581.0,-4029.3359999999666,-0.0012913589246504875,2023-03-10 09:40:00,2023-03-10 09:45:00,0 days 00:05:00
200,-200,14532,14577,15553.86553,15485.0,13773.105999999825,0.004427550814758763,2023-03-10 09:50:00,2023-03-10 13:35:00,0 days 03:45:00
201,-200,14590,14599,15354.931199999999,15467.519999999999,-22517.759999999907,-0.007332419698500514,2023-03-13 09:40:00,2023-03-13 10:25:00,0 days 00:45:00
202,200,14601,14637,15486.10873,15527.0,8178.254000000015,0.0026405129082416323,2023-03-13 10:35:00,2023-03-13 13:35:00,0 days 03:00:00
203,-200,14655,14657,15322.94176,15386.0,-12611.64800000006,-0.004115282886776539,2023-03-14 10:05:00,2023-03-14 10:15:00,0 days 00:10:00
204,200,14657,14658,15391.077379999999,15411.0,3984.5240000002377,0.001294426602382659,2023-03-14 10:15:00,2023-03-14 10:20:00,0 days 00:05:00
205,-200,14659,14697,15384.9213,15352.0,6584.259999999995,0.002139841950312693,2023-03-14 10:25:00,2023-03-14 13:35:00,0 days 03:10:00
206,200,14768,14769,15237.026559999998,15256.0,3794.688000000315,0.0012452193297221026,2023-03-16 09:30:00,2023-03-16 09:35:00,0 days 00:05:00
207,-200,14770,14817,15270.95892,15207.0,12791.783999999825,0.0041882713675717165,2023-03-16 09:40:00,2023-03-16 13:35:00,0 days 03:55:00
208,200,14827,14877,15368.06979,15411.0,8586.042000000089,0.002793467923208892,2023-03-17 09:25:00,2023-03-17 13:35:00,0 days 04:10:00
